{"items":[
{"key": "Nothing", "value": ""},

{"key": "Comment_Vfx_Test starts here", "value": "COMMENT"},
{"key": "Vfx_Test_0", "value": "0"},
{"key": "Vfx_Test_1", "value": "1"},
{"key": "Vfx_Test_2", "value": "2"},
{"key": "Vfx_Test_3", "value": "3"},
{"key": "Vfx_Test_4", "value": "4"},
{"key": "Vfx_Test_5", "value": "5"},
{"key": "Vfx_Test_6", "value": "6"},
{"key": "Vfx_Test_7", "value": "7"},
{"key": "Vfx_Test_8", "value": "8"},
{"key": "Vfx_Test_9", "value": "9"},
{"key": "Vfx_Test_ElHit", "value": "Elephant hit"},

{"key": "Comment: Menu text starts here", "value": "COMMENT"},
{"key": "Men_MainDesc", "value": "Грайте в хованки з Балді! Чи зможете ви подолати всі рівні, не програвши?"},
{"key": "Men_ContDesc", "value": "<color=green>Продовжте свою гру в хованки з Балді!</color>"},
{"key": "Men_FreeDesc", "value": "Балді не буде вас турбувати в цьому режимі! Досліджуйте Супер Школу на свій розсуд! Ви можете досліджувати будь-який рівень, до якого ви дійшли в хованках."},
{"key": "Men_ChallengeDesc", "value": "Спробуйте свої сили в одному з божевільних викликів Балді! (УВАГА: Це старі виклики, але залишилися тут для спадщини. Нові карти викликів будуть додані наприкінці розробки.)"},
{"key": "Men_EndlessDesc", "value": "Збирайте якомога більше зошитів, перш ніж Балді вас зловить! Балді прискорюється з часом, але зошити сповільнюють його!"},
{"key": "Men_FieldTripDesc", "value": "Вирушайте в екскурсії, практикуйте міні-ігри та намагайтеся встановити високі результати!"},
{"key": "Men_PickMode", "value": "Виберіть режим!"},
{"key": "Men_PickChallenge", "value": "Виберіть виклик!"},
{"key": "Men_PickTrip", "value": "Виберіть екскурсію!"},
{"key": "Men_About", "value": "Baldi's Basics Plus наразі в стадії раннього доступу! Є ще багато роботи над грою, включаючи:\nПокращені меню, динамічну музику, елементи жахів, елементи освітнього розваги та більше контенту (як рівні, виклики, персонажі тощо).\n<color=red> Чекайте на баги! Якщо ви натрапите на баг, будь ласка, повідомте про нього за посиланням нижче."},
{"key": "Men_Warning", "value": "<color=red>УВАГА!</color>\nBaldi's Basics Plus — це <color=red>легкий хоррор</color>. І аж ні як не освітнє програмне забезпечення! Хоча елементи жаху відносно легкі на цьому етапі, але, існують все ж кілька раптових скрімерів які можуть налякати деяких гравців.\n\nНАТИСНІТЬ БУДЬ-ЯКУ КНОПКУ, ЩОБ ПРОДОВЖИТИ"},
{"key": "Men_StoreConfirm", "value": "Ви готові піти?\n<color=red>Речі, що залишилися на прилавку, будуть втрачені!</color>"},
{"key": "Men_StoreReady", "value": "Я готовий!"},
{"key": "Men_StoreNotReady", "value": "Ще ні!"},
{"key": "Men_EndlessRandom", "value": "Грайте на випадково згенерованому рівні! Ви можете ввести власне насіння або вибрати випадкове. Також можна натиснути на високий рахунок, щоб дізнатися використане насіння!"},
{"key": "Men_EndlessMedium", "value": "Середній розмір заздалегідь підготовленої карти."},
{"key": "Men_StealthyChallenge", "value": "Ви пробралися до школи після закриття! Напевно, просто Директор буде злий на вас. Використовуйте <color=red>брудні губки</color>, <color=red>шафки</color> та вашу <color=red>карту</color>, щоб не бути поміченим і зібрати 7 зошитів."},
{"key": "Men_SpeedyChallenge", "value": "Тут тільки <color=blue>ВИ</color> та <color=green>Балді</color>. Суть в тому, що ви обидва рухаєтеся дуже швидко! Чи зможете ви думати достатньо швидко, щоб зібрати 25 зошитів і втекти зі школи?"},
{"key": "Men_GrappleChallenge", "value": "Ой леле, ваші ноги поламані! Але на щастя, у вас є безмежний <color=red>петлячий гак</color>! Перевірте, чи зможете ви перехитрити Балді та його друзів, коли це ваш єдиний спосіб рухатися!"},
{"key": "Men_CampTrip", "value": "Насолоджуйтеся чудовою природою під час кемпінгу з Балді та друзями! Допоможіть Балді підтримувати вогонь в шаленому багатті або перекусіть в швидко-нік."},
{"key": "Men_FarmTrip", "value": "Ферма згоріла! Не хвилюйтеся, відновлення триває."},
{"key": "Men_TripWillReturn", "value": "Екскурсія на ферму незабаром повернеться! Балді вибачається за затримку."},
{"key": "Men_NewScoreTrip", "value": "Ось це новий високий результат!!!"},
{"key": "Men_NewScoreRank", "value": "Ранг: "},
{"key": "Men_NewScoreTripFinal", "value": "Фінальний рахунок: \n"},
{"key": "Men_PlaceMarker", "value": "PLACING MARKER"},
{"key": "Men_MarkersFull", "value": "MARKER LIMIT REACHED"},
{"key": "Men_GeneralSettings", "value": "Загальні\nНалаштування"},
{"key": "Men_AudioSettings", "value": "Аудіо\nНалаштування"},
{"key": "Men_GraphicsSettings", "value": "Графічні\nНалаштування"},
{"key": "Men_ControlMapper", "value": "Налаштування\nКерування"},
{"key": "Men_MouseSensitivity", "value": "Чутливість миші"},
{"key": "Men_Pause", "value": "Пауза?!"},
{"key": "Men_QuitConfirm", "value": "Ви впевнені, що хочете вийти?"},
{"key": "Men_PauseSeed", "value": "Насіння:"},
{"key": "But_Seed", "value": "Насіння: "},
{"key": "But_SeedRandom", "value": "Випадкове"},
{"key": "But_Back", "value": "Назад"},
{"key": "But_Start", "value": "Почати!"},
{"key": "But_Play!", "value": "Грати!"},
{"key": "But_Continue", "value": "Продовжити"},
{"key": "But_Skip", "value": "Пропустити"},
{"key": "But_Quit", "value": "Вийти"},
{"key": "But_QuitYes", "value": "ТАК"},
{"key": "But_QuitNo", "value": "НІ"},
{"key": "But_Resume", "value": "Продовжити"},
{"key": "But_Options", "value": "Налаштування"},
{"key": "But_MainMode", "value": "Хованки"},
{"key": "But_FreeMode", "value": "Режим дослідника"},
{"key": "But_EndlessMode", "value": "Незкінечний режим"},
{"key": "But_ChallengeMode", "value": "Виклики"},
{"key": "But_FieldTrip", "value": "Екскурсії"},
{"key": "But_Website", "value": "Вебсайт"},
{"key": "But_Updates", "value": "Оновлення"},
{"key": "But_Bugs", "value": "Повідомити про баги"},
{"key": "But_NewFile", "value": "Новий файл"},
{"key": "But_EndlessMedium", "value": "Середній"},
{"key": "But_EndlessRandom", "value": "Випадковий"},
{"key": "But_Scores", "value": "Рахунки"},
{"key": "Notebooks", "value": "{0} Зошитів"},
{"key": "Mode_HideSeek", "value": "Схованки"},
{"key": "Mode_Endless", "value": "Безкінечний"},
{"key": "Mode_FieldTrip", "value": "Екскурсії"},
{"key": "Mode_Challenge", "value": "Виклик"},
{"key": "Mode_Pitstop", "value": "Пітстоп"},
{"key": "Level_Main1", "value": "Рівень 1"},
{"key": "Level_Main2", "value": "Рівень 2"},
{"key": "Level_Main3", "value": "Рівень 3"},
{"key": "Level_Main_Finished", "value": "Кінець"},
{"key": "Level_Endless_Medium", "value": "Середній"},
{"key": "Level_Endless_Random", "value": "Випадковий"},
{"key": "Level_Challenge_Stealthy", "value": "Стелз"},
{"key": "Level_Challenge_Speedy", "value": "Швидкість"},
{"key": "Level_Challenge_Grapple", "value": "Зачепись"},
{"key": "Level_Trip_Camping", "value": "Кемпінг"},
{"key": "Steam_NewFile", "value": "Введіть нову назву файлу. Ви можете ввести до восьми літер."},
{"key": "Steam_DupeFile", "value": "Ця назва файлу вже існує! Введіть нову назву."},
{"key": "Steam_SeedInput", "value": "Введіть насіння. Значення може бути в діапазоні від -2147483615 до 2147483615."},
{"key": "Steam_SeedBad", "value": "Це насіння недійсне! Будь ласка, введіть значення від -2147483615 до 2147483615."},
{"key": "Steam_Highlight_Win", "value": "Перемога!"},
{"key": "Steam_Highlight_Win_Desc", "value": "Пройдіть рівень {0}!"},
{"key": "Steam_Highlight_Lose", "value": "Програш..."},
{"key": "Steam_Highlight_Lose_Desc", "value": "Втрачено {0} - {1}."},
{"key": "Steam_Highlight_HighScore", "value": "Високий рахунок у безкінечному режимі!"},
{"key": "Steam_Highlight_HighScore_Desc", "value": "Отримано високий рахунок №{0} з {1} зошитами на карті Безкінечного {2}!"},
{"key": "Steam_Highlight_MinigameHighScore", "value": "Високий рахунок у міні-грі {0}!"},
{"key": "Steam_Highlight_MinigameHighScore_Desc", "value": "Отримано високий рахунок №{0} з {1} очками в {2}!"},
{"key": "But_End_Random", "value": "Випадковий"},
{"key": "But_End_Medium", "value": "Середній"},
{"key": "But_Chal_Speedy", "value": "Швидкий"},
{"key": "But_Chal_Stealthy", "value": "Схований"},
{"key": "But_Chal_Grapple", "value": "Гак"},
{"key": "But_Trip_Camp", "value": "Кемпінг"},
{"key": "But_Trip_Farm", "value": "Ферма"},

{"key": "Comment_Option text starts here", "value": "КОМЕНТАР"},
{"key": "Opt_General", "value": "Загальні\nНалаштування"},
{"key": "Opt_Audio", "value": "Аудіо\nНалаштування"},
{"key": "Opt_Graphics", "value": "Графічні\nНалаштування"},
{"key": "Opt_Controls", "value": "Керування"},
{"key": "Opt_Extras", "value": "Додатково"},
{"key": "Opt_Data", "value": "Дані"},
{"key": "Opt_MouseSensitivity", "value": "Чутливість миші"},
{"key": "Opt_ControllerSensitivity", "value": "Чутливість контролера"},
{"key": "Opt_Camera", "value": "Камера"},
{"key": "Opt_Cursor", "value": "Курсор"},
{"key": "Opt_Flashing", "value": "Зменшити миготіння"},
{"key": "Opt_Subs", "value": "Субтитри"},
{"key": "Opt_Volume", "value": "Гучність"},
{"key": "Opt_Effects", "value": "Ефекти"},
{"key": "Opt_Voices", "value": "Голоси"},
{"key": "Opt_Music", "value": "Музика"},
{"key": "Opt_Resolution", "value": "Роз. здатність"},
{"key": "Opt_Full", "value": "На весь екран"},
{"key": "Opt_Vsync", "value": "Vsync"},
{"key": "Opt_Filter", "value": "Піксельне фільтрування"},
{"key": "Opt_Apply", "value": "Застос."},
{"key": "Opt_Authentic", "value": "Аутентичний режим"},
{"key": "Opt_Rumble", "value": "Вібрація"},
{"key": "Opt_ChangeName", "value": "Змінити ім'я"},
{"key": "Opt_ResetEndlessScores", "value": "Скинути бали безкінечного режиму"},
{"key": "Opt_ResetTripScores", "value": "Скинути бали екскурсії"},
{"key": "Opt_DeleteFile", "value": "Видалити файл"},
{"key": "Opt_ConfirmNameChange", "value": "Введіть нове ім'я та натисніть ПІДТВЕРДИТИ, коли закінчите."},
{"key": "Opt_NameExists", "value": "Це ім'я вже існує!"},
{"key": "Opt_ConfirmDelete", "value": "<color=red>Ви впевнені, що хочете видалити цей файл? Ви не зможете його відновити!</color>"},
{"key": "Opt_Deleting", "value": "<color=red>В И Д А Л Е Н Н Я</color>"},
{"key": "Opt_ConfirmEndlessReset", "value": "<color=red>Ви впевнені, що хочете скинути високі бали безкінечного режиму?</color>"},
{"key": "Opt_EndlessReset", "value": "Високі бали безкінечного режиму скинуто."},
{"key": "Opt_ConfirmTripReset", "value": "<color=red>Ви впевнені, що хочете скинути високі бали екскурсії?</color>"},
{"key": "Opt_TripReset", "value": "Високі бали екскурсії скинуто."},
{"key": "Opt_Game", "value": "Ігрові\nНалаштування"},
{"key": "Opt_PlayStyle", "value": "Стиль Гри"},
{"key": "Opt_LifeMode_Normal", "value": "Нормальний"},
{"key": "Opt_LifeMode_Arcade", "value": "Аркадний"},
{"key": "Opt_LifeMode_Intense", "value": "Суворий"},
{"key": "Opt_Challenges", "value": "Виклики"},
{"key": "Opt_TimeLimitChallenge", "value": "1 хвилиний забіг"},
{"key": "Opt_MapChallenge", "value": "Без Карти"},
{"key": "Opt_InventoryChallenge", "value": "Зникаючий інвентар"},

{"key": "Comment_Tool tip text starts here", "value": "COMMENT"},
{"key": "Tip_SensitivityCategory", "value": "Перемикає між налаштуваннями чутливості миші та контролера."},
{"key": "Tip_CameraSensitivity", "value": "Контролює швидкість\nобертання камери."},
{"key": "Tip_CursorSensitivity", "value": "Контролює швидкість,\nз якою рухається курсор."},
{"key": "Tip_Flashing", "value": "Зменшує інтенсивність певних візуальних ефектів,\nякі можуть бути незручними для деяких гравців."},
{"key": "Tip_Subtitles", "value": "Увімкніть субтитри для всіх\nголосових реплік та важливих звукових ефектів."},
{"key": "Tip_VolumeEffects", "value": "Контролює гучність звукових ефектів."},
{"key": "Tip_VolumeVoices", "value": "Контролює гучність голосів."},
{"key": "Tip_VolumeMusic", "value": "Контролює гучність музики."},
{"key": "Tip_Resolution", "value": "Змінює роздільну здатність виводу гри."},
{"key": "Tip_Full", "value": "Перемикає між повноекранним\nта віконним режимом."},
{"key": "Tip_Vsync", "value": "Vsync намагатиметься синхронізувати гру з частотою оновлення вашого монітора,\nщо може запобігти таким проблемам, як розрив екрана.\nЯкщо у вас виникають проблеми з продуктивністю, вимкнення\nvsync може покращити продуктивність."},
{"key": "Tip_Filter", "value": "Фільтрує меню так, щоб пікселі виглядали квадратними\nз мінімальним розмиттям на нецілісних роздільних здатностях."},
{"key": "Tip_Apply", "value": "Застосувати поточні графічні налаштування.\nНепрограмовані налаштування не будуть збережені."},
{"key": "Tip_Authentic", "value": "Відчуйте Baldi's Basics так,\nніби вона була справді випущена в 1999 році!"},
{"key": "Tip_NoGame", "value": "Це налаштування не можна\nзмінити під час гри."},
{"key": "Tip_Rumble", "value": "При увімкненному контролері\nвін вібрувати під час певних ігрових подій."},
{"key": "Tip_ChangeName", "value": "Змінити назву цього файлу."},
{"key": "Tip_DeleteEndlessScores", "value": "<color=red>Скинути всі бали незкінечного режиму\nдо їхніх стандартних значень.</color>"},
{"key": "Tip_DeleteTripScores", "value": "<color=red>Скинути всі бали екскурсії\nдо їхніх стандартних значень.</color>"},
{"key": "Tip_DeleteFile", "value": "<color=red>Це назавжди видалить цей файл! Ви повинні бути абсолютно\nупевненими, що хочете це зробити, перш ніж продовжити.</color>"},
{"key": "Tip_PlayStyle", "value": "Налаштуй, як працюють енерготрубки. Зміни не застосовуються до гри, що вже триває.<br>Нормальний: Починаєш кожен рівень із трьома енерготрубками.<br>Аркадний: Починаєш із трьома енерготрубками, але на наступних рівнях більше не отримуєш.<br>Суворий: Отримуєш лише одну енерготрубку за гру. Програв — і це кінець!"},
{"key": "Tip_Challenges", "value": "Ці налаштування ускладнюють гру!<br>Зміни застосовуються лише під час початку нової гри у 'Хованки'."},
{"key": "Tip_TimeLimitChallenge", "value": "Встановлює обмеження часу на рівні до однієї хвилини. Поспішай!"},
{"key": "Tip_MapChallenge", "value": "Повністю вимикає карту. Будь уважним!"},
{"key": "Tip_InventoryChallenge", "value": "Використовуючи предмет, ти втратиш слот до кінця рівня. Думай наперед!"},

{"key": "Comment_Hud text starts here", "value": "COMMENT"},
{"key": "Hud_Notebooks", "value": "Зошити"},

{"key": "Comment_Itm text starts here", "value": "COMMENT"},
{"key": "Itm_Nothing", "value": "Нічого"},
{"key": "Itm_ZestyBar", "value": "Енергетичний Гостри. батончик"},
{"key": "Itm_Bsoda", "value": "БСОДА"},
{"key": "Itm_Boots", "value": "Великі черевички"},
{"key": "Itm_DetentionKey", "value": "Ключі Директора"},
{"key": "Itm_GrapplingHook", "value": "(5) Гак"},
{"key": "Itm_GrapplingHook4", "value": "(4) Гак"},
{"key": "Itm_GrapplingHook3", "value": "(3) Гак"},
{"key": "Itm_GrapplingHook2", "value": "(2) Гак"},
{"key": "Itm_GrapplingHook1", "value": "(1) Гак"},
{"key": "Itm_NoSquee", "value": "WD-АнтиСкрип"},
{"key": "Itm_Quarter", "value": "Монета"},
{"key": "Itm_DoorLock", "value": "Замок Для Жовтих Дверей"},
{"key": "Itm_Tape", "value": "Касета, яку не любить Балді"},
{"key": "Itm_Apple", "value": "Яблуко для Балді"},
{"key": "Itm_AlarmClock", "value": "Будильник"},
{"key": "Itm_ChalkEraser", "value": "Брудна Губка"},
{"key": "Itm_Nametag", "value": "Іменна табличка викладача"},
{"key": "Itm_PrincipalWhistle", "value": "Свисток Директора"},
{"key": "Itm_Scissors", "value": "Безпечні Ножиці"},
{"key": "Itm_Teleporter", "value": "Небезпечний Телепорт"},
{"key": "Itm_PortalPoster", "value": "Портальний Постер"},
{"key": "Itm_NanaPeel", "value": "Шкірка від банана"},
{"key": "Itm_DietBsoda", "value": "Дієтична БСОДА"},
{"key": "Itm_BusPass", "value": "Квиток на автобус"},

{"key": "Comment_Item description text starts here", "value": "COMMENT"},
{"key": "Desc_Nothing", "value": "ЩО ЦЕ?! ЦЬОГО НЕ МОЖЕ БУТИ!"},
{"key": "Desc_ZestyBar", "value": "Енергетичний Гострий Батончик\nЗ'їжте один, і отримаєте заряд енергії!\nВідновлює витривалість більше, ніж просто відпочинок!"},
{"key": "Desc_Bsoda", "value": "БСОДА\nВідкрийте банку цього газованого напою і збризніть усіх,\nхто намагається вам завадити! Інгредієнти: синій барвник, <color=black>потужний</color> фруктозний сироп,\nенергія та 2% або менше: води, синій барвник 2."},
{"key": "Desc_Boots", "value": "Великі черевички\nЦі великі черевички допоможуть тримати ваші ноги на землі!\nЗапобігає вас штовханню персонажами та перешкодами\nу школі."},
{"key": "Desc_DetentionKey", "value": "Ключі Директора\nПорушуйте всі правила, які хочете, з ключами Директора! Використовуйте їх, щоб відкрити будь-які зачинені\nдвері, навіть ті, що не були зачинені Директором!"},
{"key": "Desc_GrapplingHook", "value": "Гак\nЗапустіть цей гаджет у віддалену стіну, щоб швидко наблизитися до неї.\nДопоможе в критичних ситуаціях."},
{"key": "Desc_NoSquee", "value": "WD-АнтиСкрип\nВтомилися від звуків, які видають ваше місцезнаходження? WD-АнтиСкрип вирішить вашу проблему!\nРозпиліть його, щоб зробити все навколо безшумно чистим."},
{"key": "Desc_Quarter", "value": "Монетка\nБлискуча монетка!\nКорисна для всього, що потребує блискучої монетки!"},
{"key": "Desc_DoorLock", "value": "Замок Для Жовтих Дверей\nПомістіть це на будь-які двері, що відчиняються, щоб зачинити їх на кілька секунд,\nвоно запобігає вхід та вихід. Пам'ятайте, що\nлюди можуть все ще бачити через зачинені двері!"},
{"key": "Desc_Tape", "value": "Касета, яку не любить Балді\nЦю касету ретельно розробив учень, щоб ефективно\nглушити всіх, поки вона грає. Якщо ви чуєте тон,\nможете шуміти на повну!"},
{"key": "Desc_Apple", "value": "Яблуко для Балді\nДайте це Балді, і він не зможе встояти,\nщоб швидко з'їсти його!"},
{"key": "Desc_AlarmClock", "value": "Будильник\nНалаштуйте цей будильник, і коли він спрацює, Балді захоче перевірити його!\nЯкщо, звісно, не побачить вас, він не *ненастільки* ідіот."},
{"key": "Desc_ChalkEraser", "value": "Брудна Губка\nСтворіть хмару крейдяного пилу та заблокуйте вид\n для Балді та його друзів. Станьте всередині, щоб сховатися, або використайте це, щоб\nпройти повз персонажів непоміченими."},
{"key": "Desc_Nametag", "value": "Іменна табличка викладача\nВідчуйте, як це — працювати в Супер Школі Балді!\nКоли ви це носите, ніхто вас не турбуватиме!\nНу, крім Балді, він знає що це фальш."},
{"key": "Desc_PrincipalWhistle", "value": "Свисток Директора\nПотрібна негайна справедливість? Посвистіть в цей свисток, і\nДиректор з'явиться, в ту саму мить!"},
{"key": "Desc_Scissors", "value": "Безпечні Ножиці\nРозріжте все* цими безпечними ножицями!\n*Насправді, це найтупіші ножиці, які коли-небудь виготовляли, і можуть лише\nрізати скакалки, жувальну гумку та дешеві дроти."},
{"key": "Desc_Teleporter", "value": "Небезпечний Телепорт\nВикористайте це, і ніхто не зрозуміє, де ви опинитесь!\nЦе може привести вас до безпеки або до певної загибелі! Ось що я називаю веселощами!"},
{"key": "Desc_PortalPoster", "value": "Портальний Постер\nЯкщо з іншого боку є кімната, помістіть це на стіну, щоб пройти через неї.\nСупертехнологія, винайдена самим Балді!"},
{"key": "Desc_MapFill", "value": "Заповніть свою карту!\nКупіть це, і ваша карта буде заповнена миттєво!\nЗ цим ви зможете спланувати маршрут, ще не ступивши на рівень!"},
{"key": "Desc_Suspend", "value": "Це ще не доступно!\nЦікаво, для чого це може бути..."},
{"key": "Desc_NanaPeel", "value": "Шкірка від банана\nПокладіть це на підлогу, і хто б не пройшов через неї,\nвпаде та буде ковзати, поки не вдариться об стіну!\nБудьте обережні, ви теж можете послизнутися на ній!"},
{"key": "Desc_DietBsoda", "value": "Дієтична БСОДА\nЩоб підтримати здоров'я учнів, в нас тут саме\nДієтична БСОДА! Приготовлено з 90% меншим вмістом газу, Дієтична БСОДА все ще має\nсмак, який ви любите, і може бути ще корисним!"},
{"key": "Desc_BusPass", "value": "Квиток на автобус\nВам це знадобиться, якщо ви хочете поїхати на екскурсію!"},

{"key": "Comment_Misc GUI text starts here.", "value": "COMMENT"},
{"key": "YCTP_Victory1", "value": "ВАУ! ТИ ІСНУЄШ!"},
{"key": "YCTP_Fail1", "value": "Я ЧУЮ КОЖНІ ДВЕРІ, ЯКІ ТИ ВІДКРИВАЄШ!"},
{"key": "YCTP_Fail2", "value": "Я СТАЮ ЗЛІШИМ ЗА КОЖНУ ПОМИЛКУ!"},
{"key": "YCTP_Recover1", "value": "Ось так краще..."},
{"key": "YCTP_Recover2", "value": "Не можу згадати, що мав сказати..."},

{"key": "Comment_Posters start here.", "value": "COMMENT"},
{"key": "PST_HNT_Rules1", "value": "Правила!"},
{"key": "PST_HNT_Rules2", "value": "Дотримуйтеся цих шкільних правил:\n1. Не бігати\n2. Не заходити в кімнати лише для вчителів\n3. Не ображати\n4. Не пити\n5. Не тікати з затримання\n6. Не ламати четверту стіну"},
{"key": "PST_PRI_Baldi1", "value": "Балді"},
{"key": "PST_PRI_Baldi2", "value": "Топовий вчитель завдяки своїм здібностям слухати! Він може не лише визначити, звідки походить звук, а й хто його створив!"},
{"key": "PST_PRI_Sweep1", "value": "Швабра"},
{"key": "PST_PRI_Sweep2", "value": "Що робити, коли школа відкривається за 7 годин, а ви ще не маєте прибиральника? Найміть його! І він прибире <b>все!</b>"},
{"key": "PST_PRI_Beans1", "value": "Боб"},
{"key": "PST_PRI_Beans2", "value": "Старається вразити інших, надуваючи бульбашки з жувальної гумки, але зазвичай просто їх випльовує."},
{"key": "PST_PRI_Bully1", "value": "Це хуліган"},
{"key": "PST_PRI_Bully2", "value": "В нашій школі вважають, що в кожній хорошій школі потрібен хороший хуй! Ось чому у нас є цей хлопець!"},
{"key": "PST_PRI_Chalk1", "value": "Крейдик"},
{"key": "PST_PRI_Chalk2", "value": "Якийсь хлоп намалював це обличчя, і ось воно вже літає навколо, сміючись і роблячи шкоду."},
{"key": "PST_PRI_Crafters1", "value": "Шкарпетка"},
{"key": "PST_PRI_Crafters2", "value": "Сором'язливий, і старається, щоб його не бачили. Ненавидить коли на нього дивляться, і ревнує до людей з більшою кількістю зошитів."},
{"key": "PST_PRI_Cloud1", "value": "Хмаринка"},
{"key": "PST_PRI_Cloud2", "value": "Хмарка, яка любить бути хмаркою і робити хмарні справи. Літає навколо і видмухує потужні вітри в коридорах."},
{"key": "PST_PRI_Playtime1", "value": "Перерва"},
{"key": "PST_PRI_Playtime2", "value": "Попри її поганий зір і коротку пам'ять, вона завжди шукає товариша по іграм!\n\n\"Давай грати!\""},
{"key": "PST_PRI_Pomp1", "value": "Місіс Помп"},
{"key": "PST_PRI_Pomp2", "value": "Ходить на високих підборах, запрошуючи студентів до свого класу. Переконайся, що не запізнишся! Бо інакше..."},
{"key": "PST_PRI_Principal1", "value": "просто Директор"},
{"key": "PST_PRI_Principal2", "value": "\"Якщо я побачу, що хтось порушує правила, я зроблю все, щоб справедливість була відновлена! Бо це смачно і дуже приємно!\""},
{"key": "PST_PRI_Prize1", "value": "1-й приз"},
{"key": "PST_PRI_Prize2", "value": "Балді виграв його на науковій виставці! Любить обіймати людей, та мчить до кожного, кого бачить. На жаль, швидкість не з найкращих."},
{"key": "PST_PRI_Test1", "value": "Тест"},
{"key": "PST_PRI_Test2", "value": "Якщо ви хочете стежити за кимось, не шукайте далі цього хлопця! Не забудьте, де востаннє його бачили!"},
{"key": "PST_PRI_Reflex1", "value": "Доктор Рефлекс"},
{"key": "PST_PRI_Reflex2", "value": "Дешевий лікар, який використовує унікальний метод тестування рефлексів для діагностики студентів. Не йдіть, поки тест не закінчиться!"},
{"key": "PST_HNT_Boots", "value": "Прибиральники повинні носити черевики, коли прибирають!"},
{"key": "PST_HNT_NoSquee", "value": "WD-АнтиСкрип! Коли ваші двері занадто гучні, і вам потрібно, щоб вони були ТИХИМИ!"},
{"key": "PST_HNT_PartyEnd", "value": "Пора підрахувати повітряні кулі! Скільки кожного кольору ви зможете знайти? Давайте, зробіть це!"},
{"key": "PST_HNT_Phone", "value": "Студенти:\nБудь ласка, утримуйтеся від використання телефону, поки професор Балді у будівлі.\n\nЦе змушує його забувати, що він робив, і не дає йому почути."},
{"key": "PST_HNT_Scissors", "value": "Привіт, діти!\nБезпечні ножиці чудово підходять для різання:\nПаперу\nСкакалок\nРоботів\nДомашнього завдання"},
{"key": "PST_HNT_Windows", "value": "<b>УВАГА!</b>\nЧерез невідомі причини, які не мають жодного стосунку до дизайну гри, шкільний персонал наразі не може бачити через вікна.\n\nБудь ласка, зрозумійте. Привіт."},
{"key": "PST_HNT_YTPs", "value": "Будьте НАГОРОДЖЕНІ за знання!"},
{"key": "PST_HNT_Read", "value": "Будь ласка, читайте плакати. Вони існують тут, задля того, щоби допомогти вам."},
{"key": "PST_HNT_SaveQuit", "value": "Зберегти та вийти саме тут! (Тільки в грі в хованки)"},
{"key": "PST_TXT_Inspiration", "value": "<color=green>КОЛИ</color> <color=red>ВИ</color> <color=blue>МАЄТЕ</color> <color=green>БАЖАННЯ,</color> <color=red>НЕ</color> <color=green>ГОВОРІТЬ</color> <color=blue>\"НІКОЛИ\"!</color> <color=red>Просто</color> <color=green>ЗАЛИШТЕ</color> <color=blue>ЦІ</color> <color=red>ДУМКИ!</color>"},
{"key": "PST_TXT_ClassicSecret1", "value": "Ви виграли!"},
{"key": "PST_TXT_ClassicSecret2", "value": "Але є місце для покращення..."},
{"key": "PST_TXT_ClassicSecret3", "value": "Зайдіть до Балді в його офіс за порадами!"},
{"key": "PST_TXT_Recycle", "value": "Будь ласка, пам'ятайте про <b>ПЕРЕТРАВЛЮВАННЯ ВАШОЇ ЇЖІ</b>"},
{"key": "PST_CLS_BaldiSays1", "value": "Це\n<b>ПРИЄМНО</b>\nмати\n<b>ПРИЄМНОЩІ!</b>"},
{"key": "PST_CLS_BaldiSays2", "value": "Приготуйтеся\nнавчатися!!!"},
{"key": "PST_CLS_BaldiSays3", "value": "Хіба ця\nсупер\nшкола\nне чудова?"},
{"key": "PST_CLS_BaldiSays4", "value": "Ви мій\nнайкращий Балді!"},
{"key": "PST_CLS_BaldiSays5", "value": "Розумійте і вчіться зі мною!"},
{"key": "PST_CLS_BaldiSays6", "value": "Чи вже зараз не обід?\nЯ голодний!"},
{"key": "PST_CLS_BaldiSays7", "value": "Освіта"},
{"key": "PST_CLS_BaldiSays8", "value": "Ви не заплуталися? Ви все зрозумієте!"},
{"key": "PST_CLS_BaldiSays9", "value": "Не грайте так довго, щоб не голодувати!"},
{"key": "PST_CLS_Numbers", "value": "Числа - ЦЕ ТАК ПРОСТО"},
{"key": "PST_CLS_BaldiBuried", "value": "Збери їх всіх!"},
{"key": "PST_CHK_Apple", "value": "Яблуко на день рятує життя."},
{"key": "PST_CHK_BaldiSays1", "value": "Балді каже:"},
{"key": "PST_CHK_BaldiSays2", "value": "Ти не можеш сховатися від мене! Ха-ха!"},
{"key": "PST_CHK_Chalk", "value": "Крейдова\n   Дошка!"},
{"key": "PST_CHK_Cheese", "value": "Сьогоднішній урок:\nЯк їсти сир"},
{"key": "PST_CHK_G", "value": "Здорово"},
{"key": "PST_CHK_Math1", "value": "Математика = Більше математики ="},
{"key": "PST_CHK_Math2", "value": "Математика"},
{"key": "PST_CHK_Math3", "value": "Математика<sup>Математика<sup>Математика<sup>Математика<sup>Математика<sup>Математика</sup></sup></sup></sup></sup>"},
{"key": "PST_CHK_Possible1", "value": "Зроби це! Ти"},
{"key": "PST_CHK_Possible2", "value": "МОЖЛИВИЙ!"},
{"key": "PST_CHK_TreeHint", "value": "К\n Р\n  У\n    ТЬ"},
{"key": "PST_CHK_World", "value": "Світ великий. Урок закінчено."},
{"key": "PST_BLT_Meeting", "value": "Зустріч\nнезабаром."},
{"key": "PST_BLT_Blah", "value": "бла-бла-бла-бла-бла-бла-бла-бла-бла-бла-бла-бла-бла-бла-бла-бла-бла-бла-бла-бла"},
{"key": "PST_BLT_Review", "value": "<color=red>Не переглядайте оновлені контракти!</color> Вони в порядку."},
{"key": "PST_BLT_Computer", "value": "Якщо комп'ютер не вмикається, спробуйте потрусити перемикач."},
{"key": "PST_BLT_HeyKid", "value": "Гей, хлопчику, ти не повинен бути тут!!!"},
{"key": "PST_BLT_All", "value": "Усі працівники повинні"},
{"key": "PST_BLT_Fired", "value": "Як бути звільненим:\nПРОВАЛ\nПРОВАЛ\nПРОВАЛ\nПРОВАЛ"},
{"key": "PST_BLT_Budget", "value": "Огляд бюджету:\n$1,000 - Підручники\n$18.99 - Комп'ютери\n$500 - Зарплати\n$10,000 - Ремонт\n$3,497 - Шпильки\n$1,000,000 - Повітря\n$0.04 - Навчання персоналу\n$123 - Більше шпильок"},
{"key": "PST_BLT_Hawaii", "value": "Сюрприз! Усі можуть носити гавайську сорочку на роботі наступного тижня, поки я у відпустці на Гаваях! Це мій спосіб подякувати всім своїм працівникам за їхню тяжку працю!"},
{"key": "PST_PHT_BeAKid_1", "value": "Будь\nдитиною."},
{"key": "PST_PHT_BeAKid_2", "value": "Будь\nнадокучливим!"},
{"key": "PST_PHT_Candy", "value": "цукерка"},
{"key": "PST_CMC_Mail1", "value": "Дами і панове."},
{"key": "PST_CMC_Mail2", "value": "Як ви можете бачити..."},
{"key": "PST_CMC_Mail3", "value": "Це поштова скринька."},
{"key": "PST_CMC_Mail4", "value": "І я її відкрию!"},
{"key": "PST_CMC_Mail5", "value": "Своїми зубами!!"},
{"key": "PST_CMC_Baldiman1", "value": "Привіт, малий! Я Балдіман, і я можу винайти"},
{"key": "PST_CMC_Baldiman2", "value": "будь-що!"},
{"key": "PST_CMC_Baldiman3", "value": "Ти можеш винайти кусачки для нігтів на ногах?"},
{"key": "PST_CMC_Baldiman4", "value": "Звичайно!"},
{"key": "PST_CMC_Baldiman5", "value": "Пізніше..."},
{"key": "PST_CMC_Baldiman6", "value": "Дивись!"},
{"key": "PST_CMC_Baldiman7", "value": "Це виглядає як відбійник з приклеєним ржавим ножем..."},
{"key": "PST_CMC_Baldiman8", "value": "<b>О так!</b> Це точно відріже твої пальці!"},
{"key": "PST_CMC_Baldiman9", "value": "Добре, дякую, до побачення, містере. Я йду."},
{"key": "PST_CMC_Hair1", "value": "Навіщо волосся, в принципі?\n\nВоно мені не потрібне."},
{"key": "PST_CMC_Hair2", "value": "Волосся - це ненорма!"},
{"key": "PST_CMC_Hair3", "value": "Насправді, все волосся слід"},
{"key": "PST_CMC_Hair4", "value": "спалити!"},
{"key": "PST_CMC_Hair5", "value": "Спалити волосся!"},
{"key": "PST_CMC_Hair6", "value": "Допоможіть!"},
{"key": "PST_CMC_Hair7", "value": "ААAAAХ!"},
{"key": "TAG_Sold", "value": "ВСЕ"},
{"key": "TAG_Out", "value": "РОЗПРОДАНО"},
{"key": "TAG_Sale", "value": "РОЗПРОДАЖ!"},

{"key": "Comment_Minigame messages start here!", "value": "КОМЕНТАР"},
{"key": "Mgm_Results", "value": "Результати"},
{"key": "Mgm_Leaderboard", "value": "Таблиця лідерів"},
{"key": "Mgm_FinalScore", "value": "Фінальний рахунок: {0} балів\n\n"},
{"key": "Mgm_HighScore", "value": "Вітаємо!\nВи отримали високий рахунок №{0}!"},
{"key": "Mgm_LoseEndless", "value": "Цього разу ви не отримали високий рахунок. Спробуйте ще раз!"},
{"key": "Mgm_GoodIndicator", "value": "Добре!"},
{"key": "Mgm_BadIndicator", "value": "Погано!"},
{"key": "Mgm_Base_Win", "value": "Ви виграли! Оберіть 3 предмети!"},
{"key": "Mgm_Base_Lose", "value": "Ви програли... Ніяких предметів для вас!"},
{"key": "Mgm_Base_Perfect", "value": "ІДЕАЛЬНИЙ БОНУС! +{0} YTP"},
{"key": "Mgm_Score", "value": "Рахунок: {0}"},
{"key": "Mgm_Remaining", "value": "Залишилось: {0}"},
{"key": "Mgm_Round", "value": "Раунд {0}"},
{"key": "Mgm_FinalRound", "value": "Фінальний раунд"},
{"key": "Mgm_BonusRound", "value": "Бонусний раунд {0}"},
{"key": "Mgm_Picnic_Title", "value": "Швидкий-пікнік"},
{"key": "Mgm_Picnic_Desc", "value": "Будьте швидкі, щоб вибрати щось поїсти, поки апетит Балді не взяв верх! Але не беріть його улюблену їжу!"},
{"key": "Mgm_Picnic_Win", "value": "Я наївся! Ти також? Чудово, тепер ми готові до походу!"},
{"key": "Mgm_Picnic_Lose", "value": "Я наївся! Ти все ще голодний? Але ми щойно поїли великий обід!"},
{"key": "Mgm_Picnic_Tut1", "value": "Ти голодний? Бо я голодний! Давай зіграємо у Швидкий-пікнік!"},
{"key": "Mgm_Picnic_Tut2", "value": "На пікніковому столі будуть покладені накриті тарілки.\nТерпляче чекай, поки їх відкриють!\nВи отримаєте штраф, якщо натиснете на накриту тарілку."},
{"key": "Mgm_Picnic_Tut3", "value": "Поки ви чекаєте, погляньте на їжу, про яку я думаю.\nЯ дійсно з нетерпінням чекаю, щоб з'їсти цю їжу, тому звертайте на неї увагу!"},
{"key": "Mgm_Picnic_Tut4", "value": "Кришки піднялися! Вечеря подана!"},
{"key": "Mgm_Picnic_Tut5", "value": "Коли кришки підняті, швидко візьміть їжу, про яку я НЕ думаю!\nЩо б ви не натиснули, це їжа, яку їсте ВИ, а не Я!"},
{"key": "Mgm_Picnic_Tut6", "value": "Наприклад, щоб виграти цей раунд, ви могли натиснути\nяблуко, курячу ніжку або хот-дог."},
{"key": "Mgm_Picnic_Tut7", "value": "Будьте швидкими! Якщо ви затримаєтеся занадто довго, я можу просто\nвзяти все зі столу, не думаючи, і ви пропустите\nі отримаєте штраф. Вибачте за це!"},
{"key": "Mgm_Picnic_Tut8", "value": "Якщо ви натиснете на одну з їж, про яку Я думаю,\nмені стане сумно, і ви отримаєте штраф!"},
{"key": "Mgm_Picnic_Tut9", "value": "О ні, я хотів гамбургер!"},
{"key": "Mgm_Picnic_Tut10", "value": "Цей недобрий хуліган любить жартувати,\nтому іноді він підкидає кілька бомб до нашого обіду!"},
{"key": "Mgm_Picnic_Tut11", "value": "Коли це станеться, натискайте на бомби, щоб їх прибрати,\nі не забудьте зробити це перед тим, як взяти їжу!"},
{"key": "Mgm_Picnic_Tut12", "value": "Якщо я побачу, що ви вже поїли, я просто візьму все зі столу і...\nОй! Це ще один штраф! Отримайте три, і гра закінчена!"},
{"key": "Mgm_Picnic_Tut13", "value": "Остерігайтеся! Деякі раунди дуже хитрі!"},
{"key": "Mgm_Campfire_Title", "value": "Божевілля біля вогнища"},
{"key": "Mgm_Campfire_Desc", "value": "Тримайте вогонь палаючим, запускаючи паливо в нього. Але обережно, не все паливо підходить для вогню!"},
{"key": "Mgm_Campfire_Win", "value": "Вау, цей вогонь зігріє нас всю ніч! Молодець!"},
{"key": "Mgm_Campfire_Lose", "value": "О ні! Без вогню немає й с'морів! Удачі наступного разу."},
{"key": "Mgm_Campfire_Tut1", "value": "Який гарний вогонь! Давайте не дамо йому згаснути, граючи в Божевілля біля вогнища!"},
{"key": "Mgm_Campfire_Tut2", "value": "Деяке паливо буде кинуто в руки Першої Нагороди.\nЦей колода буде чудовим для вогню!"},
{"key": "Mgm_Campfire_Tut3", "value": "Коли Перша Нагорода отримає паливо в руку,\nвикористовуйте кнопку дії, щоб запустити його у вогонь."},
{"key": "Mgm_Campfire_Tut3_5", "value": "Дивіться, як летить!"},
{"key": "Mgm_Campfire_Tut4", "value": "Не все, що ловить Перша Нагорода, підходить для вогню!\nЯкщо Перша Нагорода спіймає погане паливо, чекайте, поки щось хороше замінить його."},
{"key": "Mgm_Campfire_Tut5", "value": "Якщо ви зробите помилку, вогонь трохи ослабне...\nБrr, стає холодно!"},
{"key": "Mgm_Campfire_Tut6", "value": "Але якщо ви додасте достатньо пального без помилок,\nвогонь знову загориться яскраво!"},
{"key": "Mgm_Campfire_Tut7", "value": "Якщо вогонь згасне, це кінець гри!"},
{"key": "Mgm_Campfire_Tut8", "value": "Будьте уважні! Все може стати дуже божевільним!"},
{"key": "Mgm_Campfire_Tut_Good", "value": "Добре паливо:"},
{"key": "Mgm_Campfire_Tut_Bad", "value": "Погане паливо:"},
{"key": "Comment_Sfx starts here", "value": "КОМЕНТАР"},
{"key": "Sfx_Doors_StandardOpen", "value": "*Двері відкриваються*"},
{"key": "Sfx_Doors_StandardShut", "value": "*ГРЮК!*"},
{"key": "Sfx_Doors_Locker", "value": "*ГРЮК!*"},
{"key": "Sfx_Doors_StandardLocked", "value": "*Трясіння*"},
{"key": "Sfx_Doors_StandardLock", "value": "*Блокування!*"},
{"key": "Sfx_Doors_StandardUnlock", "value": "*Розблоковування!*"},
{"key": "Sfx_Doors_Swinging", "value": "*Двері відкриваються*"},
{"key": "Sfx_Elv_Buzz", "value": "*БЗЗЗ*"},
{"key": "Sfx_Elv_Close", "value": "*Ліфт закривається*"},
{"key": "Sfx_Elv_Gate", "value": "*ГРЮК!*"},
{"key": "Sfx_Elv_Open", "value": "*Ліфт відкривається*"},
{"key": "Sfx_Elv_Running", "value": "*Шум ліфта*"},
{"key": "Sfx_Elv_Stopped", "value": "*Ліфт зупиняється*"},
{"key": "Sfx_AutoDoor_Open", "value": "*Автоматичні двері відкриваються*"},
{"key": "Sfx_AutoDoor_Close", "value": "*Автоматичні двері закриваються*"},
{"key": "Sfx_Sfx_EventStartBell", "value": "*ДЗИНЬ!*"},
{"key": "Sfx_Effects_Pop", "value": "*ПОП!*"},
{"key": "Sfx_Doors_LockStop", "value": "*БУДЬ!*"},
{"key": "Sfx_LockdownDoor", "value": "*Дверний мотор працює*"},
{"key": "Sfx_LOL", "value": "ХА-ХА"},
{"key": "Sfx_RotoHallLoop", "value": "*Рото-хол обертається*"},
{"key": "SFX_RotoStart", "value": "*Рото-хол обертається*"},
{"key": "SFX_RotoStop", "value": "*Рото-хол зупиняється*"},
{"key": "Sfx_CartoonKnock_Trimmed", "value": "*ТУП!*"},
{"key": "Sfx_Crafters_Loop", "value": "*СТАТИКА*"},
{"key": "Sfx_Crafters_Intro", "value": "*СТАТИКА*"},
{"key": "Sfx_EventStartBell", "value": "*ДЗИНЬ!*"},
{"key": "Sfx_LAt_Loop", "value": "*Гудіння*"},
{"key": "Sfx_LAt_BlindStart", "value": "*Гудіння*"},
{"key": "Sfx_ErrorMaybe", "value": "Не тут."},
{"key": "Sfx_AppleCrunch", "value": "*ХРУМ*"},
{"key": "Sfx_Misc_ChipCrunch", "value": "*ХРАМ*"},
{"key": "Sfx_BearTrap", "value": "*ДЗВІН!*"},
{"key": "Sfx_1PR_Motor", "value": "*Мотор працює*"},
{"key": "Sfx_NoteRespawn", "value": "Зошит відродився!"},
{"key": "Sfx_BellGeneric", "value": "Дзинь!"},
{"key": "Sfx_Bang", "value": "Бах!"},
{"key": "Sfx_Woosh", "value": "*Woosh!*"},
{"key": "Sfx_GlassBreak", "value": "РОЗБИТТЯ!"},
{"key": "Sfx_Slurp", "value": "*СЛЬОРП*"},
{"key": "Sfx_ClockWind", "value": "*Заведення*"},
{"key": "Sfx_Doors_Knock", "value": "*Стук-стук-стук*"},
{"key": "Comment Environment sound starts here", "value": "КОМЕНТАР"},
{"key": "Sfx_ConveyorBeltLoop", "value": "*Конвеєр працює*"},
{"key": "Sfx_Crickets", "value": "*Цвіркун цвіркоче*"},
{"key": "Sfx_Dryer", "value": "*Сушарка працює?*"},
{"key": "Sfx_Fire", "value": "*Вогонь тріщить*"},
{"key": "Sfx_ShrinkMachine_Door", "value": "*БІП*"},
{"key": "Sfx_Activity_Correct", "value": "*Правильний дзвінок*"},
{"key": "Sfx_Activity_Incorrect", "value": "*Неправильний дзвінок*"},
{"key": "Sfx_TimeLimitBell", "value": "*RIIIING!*"},
{"key": "Sfx_TimeLimitTicking", "value": "*tick* *tock* *tick* *tock* *tick* *tock*"},
{"key": "Comment Sfx_Items starts here", "value": "КОМЕНТАР"},
{"key": "SFX_Items_ClockBell", "value": "*Будильник ДЗЕЛЕНЧИТЬ!*"},
{"key": "SFX_Items_ClockTick", "value": "*Тік-так*"},
{"key": "SFX_Items_AntiHearing", "value": "*Дратівливий звук*"},
{"key": "Sfx_Items_NoSquee", "value": "*ШИПІННЯ!*"},
{"key": "Sfx_Items_PriWhistle", "value": "*Свистіння*"},
{"key": "Sfx_Item_Teleport", "value": "*ФШУХ!*"},
{"key": "Sfx_Slap", "value": "*Хлоп!*"},
{"key": "Sfx_Nana_Loop", "value": "*ЗВУКИ СХЛИПУ*"},
{"key": "Sfx_Nana_Slip", "value": "*УУУ*"},
{"key": "Sfx_Nana_Sput", "value": "*плям!*"},
{"key": "Comment Sfx_Water starts here", "value": "КОМЕНТАР"},
{"key": "Sfx_Whirlpool", "value": "*вихор бурлить*"},
{"key": "Comment_Sfx_Baldi starts here", "value": "КОМЕНТАР"},
{"key": "Sfx_Baldi_Slap", "value": "*Хлоп*"},
{"key": "Sfx_Baldi_Break", "value": "*ХЛАП*"},
{"key": "Sfx_Lose_Buzz", "value": "*Не розбірливе гудіння*"},

{"key": "Comment Vfx Start Here", "value": "COMMENT"},
{"key": "Comment Generic VFX start here", "value": "COMMENT"},
{"key": "Vfx_0", "value": "0"},
{"key": "Vfx_1", "value": "1"},
{"key": "Vfx_2", "value": "2"},
{"key": "Vfx_3", "value": "3"},
{"key": "Vfx_4", "value": "4"},
{"key": "Vfx_5", "value": "5"},
{"key": "Vfx_6", "value": "6"},
{"key": "Vfx_7", "value": "7"},
{"key": "Vfx_8", "value": "8"},
{"key": "Vfx_9", "value": "9"},
{"key": "Vfx_10", "value": "10"},
{"key": "Vfx_0!", "value": "0!"},
{"key": "Vfx_1!", "value": "1!"},
{"key": "Vfx_2!", "value": "2!"},
{"key": "Vfx_3!", "value": "3!"},
{"key": "Vfx_4!", "value": "4!"},
{"key": "Vfx_5!", "value": "5!"},
{"key": "Vfx_6!", "value": "6!"},
{"key": "Vfx_7!", "value": "7!"},
{"key": "Vfx_8!", "value": "8!"},
{"key": "Vfx_9!", "value": "9!"},
{"key": "Vfx_10!", "value": "10!"},

{"key": "Comment Baldi VFX start here", "value": "COMMENT"},
{"key": "Vfx_BAL_Apple", "value": "Яблуко? Для мене? Дякую!"},
{"key": "Vfx_BAL_Countdown", "value": "987654321!"},
{"key": "Vfx_BAL_HideSeek", "value": "О, привіт! Давай зіграємо в хованки!"},
{"key": "Vfx_BAL_NoPass_0", "value": "Зачекай! В тебе немає проїзного квитка."},
{"key": "Vfx_BAL_NoPass_1", "value": "Тобі потрібен квиток, якщо хочеш поїхати на екскурсію."},
{"key": "Vfx_BAL_Intro_Camping", "value": "Поїхали в похід!"},
{"key": "Vfx_BAL_Intro_Farm", "value": "Поїхали на ферму!"},
{"key": "Vfx_Baldi_KSL2", "value": "Ти молодець! Продовжуй грати!"},
{"key": "Vfx_Baldi_KSL3", "value": "Яка весела гра! До-"},
{"key": "Vfx_BAL_ReadyOrNot", "value": "Хто не готовий, я йду!"},
{"key": "Vfx_BAL_ThanksForPlaying", "value": "Дякую за гру, повертайся пізніше!"},
{"key": "Vfx_BAL_Wow", "value": "ВАУ!"},
{"key": "Vfx_BAL_Yum", "value": "НЯМ!"},
{"key": "Vfx_BAL_Ohh", "value": "ОООХ..."},
{"key": "Vfx_BAL_TryAgain", "value": "Спробуй ще!"},
{"key": "Vfx_BAL_Praise1", "value": "Ого! Ти зробив це!"},
{"key": "Vfx_BAL_Praise2", "value": "Чудова робота! Все правильно!"},
{"key": "Vfx_BAL_Praise3", "value": "Молодчина!"},
{"key": "Vfx_BAL_Praise4", "value": "Ти справляєшся фантастично!"},
{"key": "Vfx_BAL_Praise5", "value": "Я не можу в це повірити! Ти неймовірний!"},
{"key": "Vfx_BAL_Praise6", "value": "Ого, здається, ти розумніший за мене!"},
{"key": "Vfx_BaldiSings1", "value": "Ти кращим став!"},
{"key": "Vfx_BaldiSings2", "value": "Ти переміг!"},
{"key": "Vfx_BaldiSings3", "value": "багато що"},
{"key": "Vfx_BaldiSings4", "value": "ти тут зробив!"},
{"key": "Vfx_BaldiSings5", "value": "а що тепер"},
{"key": "Vfx_BaldiSings6", "value": "Запитаєш ти?"},
{"key": "Vfx_BaldiSings7", "value": "А тут і все!"},
{"key": "Vfx_BaldiSings8", "value": "Тепер бувай!"},
{"key": "Vfx_BAL_Welcome", "value": "О, привіт! Ласкаво просимо до моєї школи!"},
{"key": "Vfx_BAL_AllNotebooks_1", "value": "Вітаю! Ти знайшов всі"},
{"key": "Vfx_BAL_AllNotebooks_2", "value": "зошити/ів!"},
{"key": "Vfx_BAL_AllNotebooks_3", "value": "Тепер тобі потрібно..."},
{"key": "Vfx_BAL_AllNotebooks_4", "value": "Знайти вихід, перш ніж я тебе спіймаю!"},
{"key": "Vfx_BAL_AllNotebooks_5", "value": "Хахахаааа!"},
{"key": "Vfx_BAL_Event_Flood_1", "value": "Схоже, знову протікання."},
{"key": "Vfx_BAL_Event_Flood_2", "value": "Обережно з водоворотами!"},
{"key": "Vfx_BAL_Event_Fog_1", "value": "Ой, здається, мій туманний апарат знову вийшов з ладу."},
{"key": "Vfx_BAL_Event_Fog_2", "value": "Я- Я нічого не бачу!"},
{"key": "Vfx_BAL_Event_Gravity_1", "value": "Ого! Гравітація збожеволіла!"},
{"key": "Vfx_BAL_Event_Gravity_2", "value": "Напевно... Мій новий винахід дійсно успішний!"},
{"key": "Vfx_BAL_Event_MysteryRoom_1", "value": "Ей! З'явилася таємнича кімната."},
{"key": "Vfx_BAL_Event_MysteryRoom_2", "value": "Знайди її, перш ніж вона ЗНИКНЕ."},
{"key": "Vfx_BAL_Event_Party_1", "value": "Вечірка в кабінеті директора! Всі запрошені!"},
{"key": "Vfx_BAL_Event_Party_2", "value": "Заходь і отримуй особливий приз!"},
{"key": "Vfx_BAL_Event_Ruler", "value": "AAAAAAAAAAAAAAAAAAAAAAAAA"},
{"key": "Vfx_BAL_Event_TestProcedure_1", "value": "Увага! Увага всім! Тестування незабаром!"},
{"key": "Vfx_BAL_Event_TestProcedure_2", "value": "Ми проводимо регулярні тести на наших супер-дверях, щоб переконатися, що учні не можуть вийти, поки їхнє заняття не закінчиться."},
{"key": "Vfx_BAL_TimeOut_1", "value": "Уроки закінчено! Школа більше не працює!"},
{"key": "Vfx_BAL_TimeOut_2", "value": "Краще закінчуй швидше, інакше я тебе знаааайдуууу!"},

{"key": "Comment Farm VFX and SFX start here", "value": "Якого хуя я маю це перекладати, коли ферма ніхуя не працює?"},
{"key": "Vfx_Farm_FarmBring", "value": "Bring the animal that makes this sound to the barn!"},
{"key": "Vfx_Farm_FarmIntro1", "value": "Welcome to the farm!"},
{"key": "Vfx_Farm_FarmIntro2", "value": "Farmer needs our help to get the animals in the barn!"},
{"key": "Vfx_Farm_FarmIntro3", "value": "I'll tell you what animal we need."},
{"key": "Vfx_Farm_FarmIntro4", "value": "Then you'll need to find all the matching animals and bring them to the barn."},
{"key": "Vfx_Farm_FarmIntro5", "value": "Just click on an animal to pick it up. Then move it through the maze and into the barn!"},
{"key": "Vfx_Farm_FarmIntro6", "value": "Alright! Let's get started!"},
{"key": "Vfx_Farm_FarmWin", "value": "Wow! Fantastic! The farmer gave you these items as thanks!"},
{"key": "Sfx_Chicken", "value": "BUH-GAWK!"},
{"key": "Sfx_Cow", "value": "MOOO!"},
{"key": "Sfx_Pig", "value": "OOINK!"},
{"key": "Sfx_Sheep", "value": "BAAH!"},

{"key": "Comment Camping VFX and SFX start here", "value": "COMMENT"},
{"key": "Vfx_Camp_CampingIntro_1", "value": "Ласкаво просимо до табору!"},
{"key": "Vfx_Camp_CampingIntro_2", "value": "Роздивляйся і насолоджуйся свіжим повітрям."},
{"key": "Vfx_Camp_CampingIntro_3", "value": "Я вже розпалив вогонь, але якщо хочеш, можеш допомогти мені підтримувати його."},
{"key": "Vfx_Camp_CampingIntro_4", "value": "Або"},
{"key": "Vfx_Camp_CampingIntro_5", "value": "ти можеш піти до столу для пікніка, і ми можемо перекусити!"},
{"key": "Vfx_Camp_CampingIntro_6", "value": "Якщо ти хочеш дізнатися, як грати в міні-гру, просто натисни на мене!"},
{"key": "Vfx_Camp_CampingIntro_7", "value": "Коли будеш готовий почати міні-гру, знайди об'єкт, на який можна натиснути поблизу."},
{"key": "Vfx_Camp_CampingIntro_8", "value": "Це так просто!"},
{"key": "Vfx_Camp_CampingIntro_9", "value": "Якщо ти виграєш у міні-гру, можеш вибрати три предмети, щоб забрати їх назад."},
{"key": "Vfx_Camp_CampingIntro_10", "value": "ВОУ!"},
{"key": "Vfx_Camp_CampingIntro_11", "value": "Гарного відпочинку!"},

{"key": "Comment Cloudy Copter VFX start here", "value": "COMMENT"},
{"key": "Vfx_Cmlo_Blowing", "value": "*ВІТЕР ДУЄ*"},
{"key": "Vfx_Cmlo_Poof", "value": "*ПВАХ*"},

{"key": "Comment Principal VFX start here", "value": "COMMENT"},
{"key": "Vfx_PRI_Detention", "value": "затримання для тебе!"},
{"key": "Vfx_PRI_Scold1", "value": "Ти повинен знати краще про це."},
{"key": "Vfx_PRI_15", "value": "15 секунд"},
{"key": "Vfx_PRI_20", "value": "20 секунд"},
{"key": "Vfx_PRI_25", "value": "25 секунд"},
{"key": "Vfx_PRI_30", "value": "30 секунд"},
{"key": "Vfx_PRI_35", "value": "35 секунд"},
{"key": "Vfx_PRI_40", "value": "40 секунд"},
{"key": "Vfx_PRI_45", "value": "45 секунд"},
{"key": "Vfx_PRI_50", "value": "50 секунд"},
{"key": "Vfx_PRI_55", "value": "55 секунд"},
{"key": "Vfx_PRI_60", "value": "60 секунд"},
{"key": "Vfx_PRI_99", "value": "99 секунд"},
{"key": "Vfx_PRI_Coming", "value": "Не хвилюйся, я лечу!"},
{"key": "Vfx_PRI_NoAfterHours", "value": "Не можна бути в школі після уроків!"},
{"key": "Vfx_PRI_NoBullying", "value": "Не можна цькувати в коридорах!"},
{"key": "Vfx_PRI_NoDrinking", "value": "Не можна пити в коридорах!"},
{"key": "Vfx_PRI_NoEating", "value": "Не можна їсти в коридорах!"},
{"key": "Vfx_PRI_NoEscaping", "value": "Не можна втікати з затримання в коридорах!"},
{"key": "Vfx_PRI_NoFaculty", "value": "Не можна заходити в кімнати для викладачів в коридорах!"},
{"key": "Vfx_PRI_NoLockers", "value": "Не можна заглядати в чужі шафи в коридорах!"},
{"key": "Vfx_PRI_NoRunning", "value": "Не можна бігати в коридорах!"},
{"key": "Vfx_PRI_NoStabbing", "value": "Не можна колоти людей невикористаним діалогом в коридорах!"},
{"key": "Vfx_PRI_Scold2", "value": "Коли ти навчишся?"},
{"key": "Vfx_PRI_Whistle", "value": "*Свистить*"},
{"key": "Vfx_PRI_Scold3", "value": "Твої батьки дізнаються про це!"},
{"key": "Vfx_PRI_Scold4", "value": "Не змушуй мене робити це знову!"},

{"key": "Comment Beans VFX start here", "value": "COMMENT"},
{"key": "Vfx_Ben_NeatTrick", "value": "Слухай сюди, хочеш побачити класний трюк?"},
{"key": "Vfx_Beans_Skip_Buckle", "value": "Один, два, застібни мій черевик. Три, чотири, і в мене жуйка для те!"},
{"key": "Vfx_Ben_Anyone", "value": "Хто-небудь хоче побачити щось прикольне?"},
{"key": "Vfx_Beans_Skip_Pain", "value": "Я скачу весь день, я кажу - я скачу, щоб відпустити біль!"},
{"key": "Vfx_Ben_Skip_Chant1", "value": "Гука, а-чу, я жую свою жуйку."},
{"key": "Vfx_Ben_Skip_Chant2", "value": "Бука, а-ту, це багато задоволення... І, веселощів!"},
{"key": "Vfx_Ben_HeyYou", "value": "Гей ти, поглянь сюди!"},
{"key": "Vfx_Ben_Prepare", "value": "Готуйся до чогось неймовірного!"},
{"key": "Vfx_Ben_Grownups", "value": "Псс! Не дай дорослим це помітити."},
{"key": "Vfx_Ben_WatchPro", "value": "Глянь, як професіонал працює!"},
{"key": "Vfx_Ben_FeastEyes", "value": "Насолоджуйся, поки я насолоджуюсь своєю жуйкою!"},
{"key": "Vfx_Ben_Spit_OhNo", "value": "Ох ні!"},
{"key": "Vfx_Ben_GumLoose", "value": "Жуйка в небезпеці!"},
{"key": "Vfx_Ben_Spit_HeadsUp", "value": "Увага!"},
{"key": "Vfx_Ben_Spit_WatchOut", "value": "Обережно!"},
{"key": "Vfx_Ben_Spit_CantLook", "value": "Я не можу дивитися!"},
{"key": "Vfx_Ben_Spit_HeldBack", "value": "Гм, ось чому мене, мабуть, і залишили на другий раз."},
{"key": "Vfx_Ben_NeverHere", "value": "Ну, я ніколи тут не був!"},
{"key": "Vfx_Ben_HippityHey", "value": "Хіпіті хей, подивись на час; мені потрібно знайти ще рими."},
{"key": "Vfx_Beans_Skip_Away", "value": "Скачи геть, скачи геть, це все пройде."},
{"key": "Vfx_Ben_Spit_SorryAdvance", "value": "Вибачаюсь заздалегідь!"},
{"key": "Vfx_Ben_BeSent", "value": "Мене відправлять до того злого хлопця, вдаривши головою і викликавши гуркіт!"},
{"key": "Vfx_Ben_Spit_Casserole", "value": "Ох, блін."},
{"key": "Vfx_Ben_TimeBounce", "value": "Час тікати, час втікати, перш ніж вони знайдуть мене!"},
{"key": "Vfx_Ben_Nope", "value": "Ем... ні."},
{"key": "Vfx_Ben_Sorry", "value": "Вони будуть на мене такі сердиті, мені так шкода!"},
{"key": "Vfx_Ben_Blowing", "value": "*Бульбашка надувається*"},
{"key": "Vfx_Ben_Spit", "value": "*ЖУЙКА ВИЛЕТІЛА*"},
{"key": "Sfx_Ben_Splat", "value": "*ПЛЯМ!*"},
{"key": "Vfx_Ben_Splat", "value": "*ПЛЯМ!*"},
{"key": "Sfx_Ben_Gum_Whoosh", "value": "*Звук летіння*"},

{"key": "Comment Playtime VFX start here", "value": "COMMENT"},
{"key": "Vfx_Playtime_1", "value": "1!"},
{"key": "Vfx_Playtime_2", "value": "2!"},
{"key": "Vfx_Playtime_3", "value": "3!"},
{"key": "Vfx_Playtime_4", "value": "4!"},
{"key": "Vfx_Playtime_5", "value": "5!"},
{"key": "Vfx_Playtime_6", "value": "6!"},
{"key": "Vfx_Playtime_7", "value": "7!"},
{"key": "Vfx_Playtime_8", "value": "8!"},
{"key": "Vfx_Playtime_9", "value": "9!"},
{"key": "Vfx_Playtime_10", "value": "10!"},
{"key": "Vfx_Playtime_Congrats", "value": "Вау! Це чудово! Давай зіграємо ще раз... Найближчим часом!"},
{"key": "Vfx_Playtime_Instructions", "value": ""},
{"key": "Vfx_Playtime_Laugh", "value": "Хе-хе-хе-хе!"},
{"key": "Vfx_Playtime_LetsPlay", "value": "Давай грати!"},
{"key": "Vfx_Playtime_Oops", "value": "Ой! Ти помилився!"},
{"key": "Vfx_Playtime_ReadyGo", "value": "Готовий? Почали!"},
{"key": "Vfx_Playtime_Sad", "value": "О! Це мене сумує!"},
{"key": "Vfx_Playtime_WannaPlay", "value": "Я хочу грати з кимось!"},
{"key": "Hud_Playtime_Instructions", "value": "Час скакати на скакалці!\nНатисни ЛКМ, щоб стрибнути!"},

{"key": "Comment Bully VFX start here", "value": "COMMENT"},
{"key": "Vfx_Bully_Bored", "value": "Мені нудно..."},
{"key": "Vfx_Bully_Donation", "value": "Дякую за щедрий внесок!.."},
{"key": "Vfx_Bully_GiveGreat", "value": "Дай мені щось чудове..."},
{"key": "Vfx_Bully_NoItems", "value": "Що?! Немає предметів? Немає предметів - немає проходу..."},
{"key": "Vfx_BUL_Sticks", "value": "Дай мені ті палички..."},
{"key": "Vfx_Bully_TakeCandy", "value": "Я заберу твою цукерку..."},
{"key": "Vfx_Bully_TakeThat", "value": "Я візьму це! Тепер це моє..."},
{"key": "Vfx_Bully_Sticks", "value": "Дай мені ті палички..."},

{"key": "Comment Chalkles VFX start here", "value": "COMMENT"},
{"key": "Sfx_Chalk_Spawn", "value": "*З'ЯВЛЯННЯ*"},
{"key": "Sfx_Chalk_Laugh", "value": "*НАДОКУЧЛИВИЙ СМІХ*"},

{"key": "Comment First Prize VFX start here", "value": "COMMENT"},
{"key": "Vfx_Prize_AmComing", "value": "Я ЙДУ, ГОТОВИЙ ЧИ НІ, АЛЕ Я ЙДУ"},
{"key": "Vfx_Prize_AmLooking", "value": "Я ТЕБЕ ШУКАЮ. ДРУЖЕ"},
{"key": "Vfx_Prize_Bang", "value": "*БАХ!*"},
{"key": "Vfx_Prize_BeenProgrammed", "value": "Я ЗАПРОГРАМОВАННИЙ БАЖАТИ ТВОГО ОБЛИЧЧЯ"},
{"key": "Vfx_Prize_HaveLost", "value": "Я ВТРАТИВ ТЕБЕ - МЕНІ ЦЕ НЕ ПОДОБАЄТЬСЯ"},
{"key": "Vfx_Prize_IHug", "value": "Я ХОЧУ ОБІЙМАТИ ЛЮДЕЙ ВІЧНО"},
{"key": "Vfx_Prize_ISeeYou", "value": "Я БАЧУ ТЕБЕ - ДРУЖЕ"},
{"key": "Vfx_Prize_Marry", "value": "ТИ ВИЙДЕШ ЗА МЕНЕ?"},
{"key": "Vfx_Prize_OhNo", "value": "Ой - ні"},

{"key": "Comment Gotta Sweep VFX start here", "value": "COMMENT"},
{"key": "Vfx_Sweep_GottaSweep", "value": "Потрібно, мести, мести, мести!"},
{"key": "Vfx_Sweep_Intro", "value": "Схоже, що прийшов час прибирати!"},
{"key": "Vfx_Sweep_GottaReap", "value": "ТРЕБА ЖНИТИ, ЖНИТИ, ЖНИТИ!!!"},

{"key": "Comment Mrs. Pomp VFX start here", "value": "COMMENT"},
{"key": "Vfx_NoL_CheckMap", "value": "Перевір свою карту, щоб дізнатися, де мій клас."},
{"key": "Vfx_NoL_ClassDismissed", "value": "Урок закінчено!"},
{"key": "Vfx_NoL_JustinTime", "value": "Вчасно!"},
{"key": "Vfx_NoL_Minutes", "value": "хвилин."},
{"key": "Vfx_NoL_MinutesLeft", "value": "залишилося хвилин."},
{"key": "Vfx_NoL_Nums_0", "value": "0"},
{"key": "Vfx_NoL_Nums_1", "value": "1"},
{"key": "Vfx_NoL_Nums_2", "value": "2"},
{"key": "Vfx_NoL_Nums_3", "value": "3"},
{"key": "Vfx_NoL_Nums_4", "value": "4"},
{"key": "Vfx_NoL_Nums_5", "value": "5"},
{"key": "Vfx_NoL_Nums_6", "value": "6"},
{"key": "Vfx_NoL_Nums_7", "value": "7"},
{"key": "Vfx_NoL_Nums_8", "value": "8"},
{"key": "Vfx_NoL_Nums_9", "value": "9"},
{"key": "Vfx_NoL_RemindingYou", "value": "Просто нагадую тобі бути на моєму уроці через"},
{"key": "Vfx_NoL_Scream", "value": "ЧОМУ ТИ НЕ БУВ НА МОЄМУ УРОЦІ?!?!?"},
{"key": "Vfx_NoL_TimesUp", "value": "Час вийшов..."},
{"key": "Vfx_NoL_YouThere", "value": "Ти там!"},

{"key": "Comment Johnny VFX start here", "value": "COMMENT"},
{"key": "Vfx_Jon_Buy1", "value": "Мені це подобається!"},
{"key": "Vfx_Jon_Buy2", "value": "Це може стати в нагоді!!"},
{"key": "Vfx_Jon_Buy3", "value": "Це абсолютно варто своїх грошей!"},
{"key": "Vfx_Jon_Buy4", "value": "Дякую! Тепер я, можливо, не помру з голоду!"},
{"key": "Vfx_Jon_Buy5", "value": "Дякую! Мої батьки були б так пишатися, що я продав щось."},
{"key": "Vfx_Jon_Buy6", "value": "Дякую, мені цей предмет і так не подобався!"},
{"key": "Vfx_Jon_DidntWant", "value": "Я сьогодні і не дуже хотів їсти..."},
{"key": "Vfx_Jon_Expel1", "value": "Гаразд, я з цим впораюся."},
{"key": "Vfx_Jon_Expel2", "value": "Добре, я дам їм знати."},
{"key": "Vfx_Jon_Expel3", "value": "Ти - ІДІОТ!"},
{"key": "Vfx_Jon_ExpelWho", "value": "Кого ти хочеш виключити?"},
{"key": "Vfx_Jon_FaveCustomer", "value": "Ти - мій улюблений клієнт. До зустрічі!"},
{"key": "Vfx_Jon_Hi", "value": "Привіт, я Джоні!"},
{"key": "Vfx_Jon_InfoExpel", "value": "Ти можеш виключити когось до кінця гри!"},
{"key": "Vfx_Jon_InfoMap", "value": "Це заповнить твою карту для наступного рівня."},
{"key": "Vfx_Jon_InfoMapShort", "value": "Це заповнить твою карту."},
{"key": "Vfx_Jon_MapFilled", "value": "Вважай, що твоя карта заповнена!"},
{"key": "Vfx_Jon_MapFilled2", "value": "Тепер ти точно не заблукаєш!"},
{"key": "Vfx_Jon_SayHi", "value": "Передай привіт Балді від мене!"},
{"key": "Vfx_Jon_SeeLater", "value": "До зустрічі! Я все ще тут!"},
{"key": "Vfx_Jon_ThanksNot", "value": "Дякую за нічого!"},
{"key": "Vfx_Jon_ThankYou", "value": "Дякую за покупки!"},
{"key": "Vfx_Jon_TooMuch1", "value": "Схоже, ти не вчишся!"},
{"key": "Vfx_Jon_TooMuch2", "value": "Спробуй ще раз, коли у тебе буде більше очок \"Ти думав\"."},
{"key": "Vfx_Jon_TooMuch3", "value": "Ти не можеш це собі дозволити!"},
{"key": "Vfx_Jon_TooMuch4", "value": "Повернись, коли станеш трохи... МММ- Багатшим!"},
{"key": "Vfx_Jon_Welcome", "value": "Ласкаво просимо до мого магазину!"},
{"key": "Vfx_Jon_YouBreak", "value": "Якщо зламаєш, купиш! ...Зазвичай я той, хто це ламає."},
{"key": "Vfx_Jon_Help", "value": "Я цим займуся."},
{"key": "Vfx_Jon_ThatWasFun", "value": "Вау, це було так весело! Я приніс кілька предметів для тебе."},
{"key": "Vfx_Jon_BusPass", "value": "Вау, дякую! Я люблю виїзди!"},

{"key": "Comment Dr. Reflex VFX start here", "value": "COMMENT"},
{"key": "Vfx_DrR_AllDone", "value": "Все готово!"},
{"key": "Vfx_DrR_Angry_Random_0", "value": "Мені потрібно закінчити твою перевірку!"},
{"key": "Vfx_DrR_Angry_Random_1", "value": "Повернись сюди!"},
{"key": "Vfx_DrR_Angry_Random_2", "value": "Воно не болітиме!"},
{"key": "Vfx_DrR_Angry_Random_3", "value": "Не бійся мого молотка!"},
{"key": "Vfx_DrR_Angry_Random_4", "value": "Куди ти пішов?!"},
{"key": "Vfx_DrR_Angry_Random_5", "value": "ХММмм..."},
{"key": "Vfx_DrR_Angry_Random_6", "value": "Це погано позначиться на моєму резюме!"},
{"key": "Vfx_DrR_Angry_Random_7", "value": "Ти змусив мене ПЛАКАТИ!"},
{"key": "Vfx_DrR_EverythingGood", "value": "Усе виглядає добре!"},
{"key": "Vfx_DrR_Fast", "value": "...ШВИДКО!"},
{"key": "Vfx_DrR_Faster", "value": "Зроби це ШВИДШЕ наступного разу!"},
{"key": "Vfx_DrR_FirstTry", "value": "Вау! З першого разу!"},
{"key": "Vfx_DrR_GoodJob", "value": "Молодець! Це було швидко!"},
{"key": "Vfx_DrR_Happy_Random_0", "value": "Хтось потребує огляду?"},
{"key": "Vfx_DrR_Happy_Random_1", "value": "Я протестую твої рефлекси!"},
{"key": "Vfx_DrR_Happy_Random_2", "value": "Хто хоче перевірити свої рефлекси?"},
{"key": "Vfx_DrR_Happy_Random_3", "value": "Хтось відчуває себе погано? Прийди до мене!"},
{"key": "Vfx_DrR_Happy_Random_4", "value": "Мій тест вилікує, що б тобі не заважало!"},
{"key": "Vfx_DrR_HitCircle", "value": "Клік по колу!"},
{"key": "Vfx_DrR_Indisputable", "value": "Результати тесту незаперечні!"},
{"key": "Vfx_DrR_NotSoBad", "value": "Бачиш? Це було не так вже й погано!"},
{"key": "Vfx_DrR_SessionNotOver", "value": "Що?! Твоя сесія ще не закінчена!"},
{"key": "Vfx_DrR_Think_End", "value": "...думай"},
{"key": "Vfx_DrR_Think_Intro", "value": "Думай..."},
{"key": "Vfx_DrR_Think_Loop", "value": "...думай..."},
{"key": "Vfx_DrR_TooSlow", "value": "Занадто повільно!"},
{"key": "Vfx_DrR_TryAgain", "value": "Спробуй ще раз!"},
{"key": "Vfx_DrR_UhOh", "value": "Ой-ой!"},
{"key": "Vfx_DrR_Whoops", "value": "Ой!"},
{"key": "Vfx_DrR_Wrong", "value": "Це не те!"},
{"key": "Vfx_DrR_YouHealthy", "value": "Результати тесту показують, що ти здоровий!"},
{"key": "Vfx_ThanksForPlaying", "value": "Дякую за гру."},
{"key": "Vfx_run", "value": "біжи"},
{"key": "Mfx_mus_Playtime", "value": "*Музика*"},
{"key": "Mfx_Party", "value": "*Позитивна святкова музика*"},
{"key": "Comment Encrypted subtitles start here", "value": "COMMENT"},
{"key": "Tfx_Enc_Test", "value": "C6SbFlVfe/Dt6ThYSjEZZTb3WNWa4IcRtVBzjAocTVx4yguecqKjYb9ulq+YsRHHduoCzNJBC5WEi7xvUl7DOjijxgi5U8xD5F1EfmEQBUENwIccB4uRRKhxpr4xq/TVBne14nNlkKU3Lg87ms12bPvNf8g1TSMAZDOx9TWIHDM="},
{"key": "End", "value": "Woah, this is the end of the .json file!"}
]}